timestamp,vbat
1704701992662318,24.89999962
1704701992682188,24.89999962
1704701992702555,24.89999962
1704701992723035,24.89999962
1704701992742336,24.89999962
1704701992762584,24.89999962
1704701992782878,24.89999962
1704701992802559,24.89999962
1704701992822742,24.89999962
1704701992842469,24.89999962
1704701992862693,24.79999924
1704701992882453,24.79999924
1704701992902495,24.70000076
1704701992922492,24.70000076
1704701992942530,24.70000076
1704701992962554,24.70000076
1704701992982583,24.70000076
1704701993003015,24.60000038
1704701993022611,24.60000038
1704701993042605,24.60000038
1704701993062626,24.60000038
1704701993082938,24.60000038
1704701993102278,24.60000038
1704701993122954,24.60000038
1704701993142440,24.60000038
1704701993162444,24.60000038
1704701993182457,24.60000038
1704701993202516,24.60000038
1704701993222479,24.60000038
1704701993242482,24.60000038
1704701993262519,24.60000038
1704701993282510,24.60000038
1704701993302554,24.60000038
1704701993322538,24.60000038
1704701993342591,24.60000038
1704701993362634,24.60000038
1704701993382603,24.60000038
1704701993402658,24.60000038
1704701993422669,24.60000038
1704701993442658,24.60000038
1704701993462725,24.60000038
1704701993482187,24.50000000
1704701993502242,24.50000000
1704701993522225,24.50000000
1704701993542447,24.50000000
1704701993562381,24.50000000
1704701993582396,24.50000000
1704701993602420,24.50000000
1704701993622420,24.50000000
1704701993642453,24.50000000
1704701993662462,24.50000000
1704701993682479,24.50000000
1704701993702547,24.50000000
1704701993722529,24.50000000
1704701993742521,24.50000000
1704701993762549,24.50000000
1704701993782566,24.50000000
1704701993802584,24.50000000
1704701993822595,24.50000000
1704701993842610,24.50000000
1704701993862645,24.50000000
1704701993882622,24.50000000
1704701993902685,24.50000000
1704701993922673,24.50000000
1704701993942723,24.50000000
1704701993962272,24.50000000
1704701993982294,24.50000000
1704701994002368,24.50000000
1704701994022325,24.50000000
1704701994042408,24.50000000
1704701994062365,24.39999962
1704701994082941,24.39999962
1704701994102432,24.39999962
1704701994122406,24.39999962
1704701994142476,24.39999962
1704701994162560,24.39999962
1704701994182457,24.39999962
1704701994202501,24.39999962
1704701994222527,24.39999962
1704701994242529,24.39999962
1704701994262572,24.39999962
1704701994282554,24.39999962
1704701994302691,24.39999962
1704701994322716,24.39999962
1704701994342248,24.39999962
1704701994362754,24.39999962
1704701994382254,24.39999962
1704701994403102,24.39999962
1704701994422872,24.39999962
1704701994442408,24.39999962
1704701994462412,24.39999962
1704701994482410,24.39999962
1704701994502674,24.39999962
1704701994522461,24.39999962
1704701994542474,24.39999962
1704701994562494,24.39999962
1704701994582535,24.39999962
1704701994602528,24.39999962
1704701994622641,24.39999962
1704701994642568,24.39999962
1704701994662594,24.39999962
1704701994682601,24.39999962
1704701994702651,24.39999962
1704701994722853,24.39999962
1704701994742640,24.39999962
1704701994762677,24.39999962
1704701994782661,24.39999962
1704701994802317,24.39999962
1704701994822316,24.39999962
1704701994842511,24.39999962
1704701994862362,24.39999962
1704701994882353,24.39999962
1704701994902524,24.39999962
1704701994922422,24.39999962
1704701994942488,24.39999962
1704701994962465,24.29999924
1704701994982463,24.29999924
1704701995002486,24.29999924
1704701995022563,24.29999924
1704701995042601,24.29999924
1704701995062675,24.29999924
1704701995082600,24.29999924
1704701995102653,24.29999924
1704701995122663,24.29999924
1704701995142657,24.29999924
1704701995162738,24.29999924
1704701995182692,24.29999924
1704701995202725,24.29999924
1704701995222227,24.29999924
1704701995242732,24.29999924
1704701995262514,24.29999924
1704701995282314,24.29999924
1704701995302431,24.29999924
1704701995322595,24.29999924
1704701995342308,24.29999924
1704701995362980,24.29999924
1704701995382378,24.29999924
1704701995402408,24.29999924
1704701995422497,24.29999924
1704701995442503,24.29999924
1704701995462549,24.29999924
1704701995482615,24.29999924
1704701995502684,24.29999924
1704701995522699,24.29999924
1704701995542704,24.29999924
1704701995562723,24.29999924
1704701995582237,24.29999924
1704701995602280,24.29999924
1704701995622296,24.29999924
1704701995642308,24.29999924
1704701995662327,24.29999924
1704701995682986,24.29999924
1704701995702379,24.29999924
1704701995722456,24.29999924
1704701995742482,24.29999924
1704701995762511,24.29999924
1704701995782541,24.29999924
1704701995803084,24.29999924
1704701995822569,24.29999924
1704701995842578,24.29999924
1704701995862601,24.29999924
1704701995882723,24.29999924
1704701995902661,24.29999924
1704701995922652,24.29999924
1704701995942262,24.29999924
1704701995962267,24.29999924
1704701995982285,24.29999924
1704701996002316,24.29999924
1704701996022298,24.29999924
1704701996042325,24.29999924
1704701996062373,24.29999924
1704701996082343,24.29999924
1704701996102374,24.29999924
1704701996122391,24.29999924
1704701996143024,24.29999924
1704701996162404,24.29999924
1704701996182571,24.29999924
1704701996202512,24.29999924
1704701996222599,24.29999924
1704701996242478,24.29999924
1704701996262637,24.29999924
1704701996282578,24.29999924
1704701996302679,24.29999924
1704701996322672,24.29999924
1704701996342686,24.29999924
1704701996362697,24.29999924
1704701996382726,24.29999924
1704701996402766,24.29999924
1704701996422729,24.20000076
1704701996442356,24.20000076
1704701996462480,24.20000076
1704701996482386,24.20000076
1704701996502435,24.20000076
1704701996523017,24.20000076
1704701996542453,24.20000076
1704701996562457,24.20000076
1704701996582461,24.20000076
1704701996602538,24.20000076
1704701996622515,24.20000076
1704701996642623,24.20000076
1704701996662641,24.20000076
1704701996682634,24.20000076
1704701996702684,24.20000076
1704701996722932,24.20000076
1704701996743245,24.20000076
1704701996762711,24.20000076
1704701996782738,24.20000076
1704701996802777,24.20000076
1704701996822259,24.20000076
1704701996842400,24.20000076
1704701996862458,24.20000076
1704701996882397,24.20000076
1704701996902444,24.20000076
1704701996922731,24.20000076
1704701996943073,24.20000076
1704701996962479,24.20000076
1704701996982500,24.20000076
1704701997002535,24.20000076
1704701997022570,24.20000076
1704701997042537,24.20000076
1704701997062558,24.20000076
1704701997082546,24.20000076
1704701997102594,24.20000076
1704701997122608,24.20000076
1704701997142602,24.20000076
1704701997162648,24.20000076
1704701997182642,24.20000076
1704701997202741,24.20000076
1704701997222926,24.20000076
1704701997242279,24.20000076
1704701997262825,24.20000076
1704701997282809,24.20000076
1704701997302359,24.20000076
1704701997322376,24.20000076
1704701997342405,24.20000076
1704701997362405,24.20000076
1704701997382391,24.20000076
1704701997402510,24.20000076
1704701997422512,24.20000076
1704701997442545,24.20000076
1704701997462711,24.20000076
1704701997483079,24.20000076
1704701997502614,24.20000076
1704701997522630,24.20000076
1704701997542735,24.20000076
1704701997562804,24.20000076
1704701997582793,24.20000076
1704701997602322,24.20000076
1704701997622433,24.20000076
1704701997642421,24.20000076
1704701997662438,24.20000076
1704701997682596,24.20000076
1704701997703118,24.20000076
1704701997722490,24.20000076
1704701997742650,24.20000076
1704701997762548,24.20000076
1704701997782541,24.20000076
1704701997802591,24.20000076
1704701997822594,24.20000076
1704701997842591,24.20000076
1704701997862662,24.20000076
1704701997882703,24.20000076
1704701997902779,24.20000076
1704701997922784,24.20000076
1704701997942415,24.20000076
1704701997962409,24.20000076
1704701997982428,24.20000076
1704701998002452,24.20000076
1704701998022464,24.20000076
1704701998042474,24.20000076
1704701998063055,24.20000076
1704701998082489,24.20000076
1704701998102571,24.20000076
1704701998122533,24.20000076
1704701998142645,24.20000076
1704701998162682,24.20000076
1704701998182699,24.20000076
1704701998203202,24.20000076
1704701998222732,24.20000076
1704701998242744,24.20000076
1704701998262765,24.20000076
1704701998282367,24.20000076
1704701998302397,24.20000076
1704701998322614,24.20000076
1704701998343130,24.20000076
1704701998362420,24.20000076
1704701998382463,24.20000076
1704701998402494,24.20000076
1704701998422510,24.20000076
1704701998442585,24.20000076
1704701998462998,24.20000076
1704701998483148,24.20000076
1704701998502697,24.20000076
1704701998522696,24.20000076
1704701998542758,24.20000076
1704701998562808,24.20000076
1704701998582802,24.20000076
1704701998603144,24.20000076
1704701998623773,24.20000076
1704701998642411,24.20000076
1704701998662384,24.20000076
1704701998682427,24.20000076
1704701998703070,24.20000076
1704701998722437,24.20000076
1704701998742490,24.20000076
1704701998762604,24.20000076
1704701998782667,24.20000076
1704701998802701,24.20000076
1704701998822802,24.20000076
1704701998843273,24.20000076
1704701998862760,24.20000076
1704701998882784,24.20000076
1704701998902778,24.10000038
1704701998922810,24.10000038
1704701998942834,24.10000038
1704701998962852,24.20000076
1704701998982349,24.20000076
1704701999002398,24.20000076
1704701999022474,24.20000076
1704701999042523,24.20000076
1704701999063139,24.20000076
1704701999082542,24.20000076
1704701999102579,24.20000076
1704701999122593,24.20000076
1704701999142705,24.20000076
1704701999162697,24.20000076
1704701999183037,24.20000076
1704701999202908,24.20000076
1704701999222779,24.20000076
1704701999242795,24.20000076
1704701999262819,24.20000076
1704701999282883,24.20000076
1704701999302477,24.10000038
1704701999322435,24.10000038
1704701999342527,24.10000038
1704701999362495,24.10000038
1704701999382607,24.10000038
1704701999402626,24.10000038
1704701999423126,24.10000038
1704701999442627,24.10000038
1704701999462646,24.10000038
1704701999482668,24.10000038
1704701999502702,24.10000038
1704701999522698,24.10000038
1704701999542721,24.10000038
1704701999562732,24.10000038
1704701999582741,24.10000038
1704701999602757,24.20000076
1704701999622787,24.20000076
1704701999642883,24.10000038
1704701999662426,24.10000038
1704701999682404,24.10000038
1704701999702451,24.10000038
1704701999722509,24.10000038
1704701999742567,24.10000038
1704701999762608,24.10000038
1704701999782732,24.10000038
1704701999802635,24.10000038
1704701999822639,24.10000038
1704701999842673,24.10000038
1704701999862771,24.10000038
1704701999882769,24.10000038
1704701999902929,24.10000038
1704701999922807,24.10000038
1704701999942853,24.10000038
1704701999962870,24.10000038
1704701999982879,24.10000038
1704702000002950,24.10000038
1704702000022449,24.10000038
1704702000042433,24.10000038
1704702000062536,24.10000038
1704702000083158,24.10000038
1704702000102547,24.10000038
1704702000122592,24.10000038
1704702000142632,24.10000038
1704702000162622,24.10000038
1704702000182751,24.10000038
1704702000202797,24.10000038
1704702000222855,24.10000038
1704702000242429,24.10000038
1704702000262420,24.10000038
1704702000282411,24.10000038
1704702000302787,24.10000038
1704702000322460,24.10000038
1704702000342455,24.10000038
1704702000362471,24.10000038
1704702000382746,24.10000038
1704702000402622,24.10000038
1704702000422622,24.10000038
1704702000442667,24.10000038
1704702000462710,24.10000038
1704702000483200,24.10000038
1704702000502743,24.10000038
1704702000522724,24.10000038
1704702000542815,24.10000038
1704702000563343,24.10000038
1704702000582831,24.10000038
1704702000602902,24.10000038
1704702000622923,24.10000038
1704702000642431,24.10000038
1704702000662441,24.10000038
1704702000682527,24.10000038
1704702000702777,24.10000038
1704702000722609,24.10000038
1704702000742701,24.10000038
1704702000762709,24.10000038
1704702000782729,24.10000038
1704702000802936,24.10000038
1704702000822766,24.10000038
1704702000842788,24.10000038
1704702000862851,24.10000038
1704702000883084,24.10000038
1704702000902824,24.10000038
1704702000922451,24.10000038
1704702000942460,24.10000038
1704702000962492,24.10000038
1704702000982507,24.10000038
1704702001002492,24.10000038
1704702001022551,24.10000038
1704702001042631,24.10000038
1704702001062642,24.10000038
1704702001082657,24.10000038
1704702001102735,24.10000038
1704702001122683,24.10000038
1704702001142727,24.10000038
1704702001162737,24.10000038
1704702001182740,24.10000038
1704702001202948,24.10000038
1704702001222789,24.10000038
1704702001242783,24.10000038
1704702001262794,24.10000038
1704702001282933,24.10000038
1704702001302950,24.10000038
1704702001322478,24.10000038
1704702001342491,24.10000038
1704702001362607,24.10000038
1704702001383167,24.10000038
1704702001402618,24.10000038
1704702001422606,24.10000038
1704702001442646,24.10000038
1704702001462686,24.10000038
1704702001482690,24.10000038
1704702001502686,24.10000038
1704702001522797,24.10000038
1704702001542829,24.10000038
1704702001562857,24.10000038
1704702001583082,24.10000038
1704702001602892,24.10000038
1704702001622879,24.10000038
1704702001642972,24.10000038
1704702001662525,24.10000038
1704702001683167,24.10000038
1704702001702586,24.10000038
1704702001723122,24.10000038
1704702001742561,24.10000038
1704702001762617,24.10000038
1704702001782595,24.10000038
1704702001802622,24.10000038
1704702001822745,24.10000038
1704702001842742,24.10000038
1704702001862776,24.10000038
1704702001882782,24.10000038
1704702001902812,24.10000038
1704702001922832,24.10000038
1704702001942440,24.10000038
1704702001962963,24.10000038
1704702001982454,24.10000038
1704702002002509,24.10000038
1704702002022513,24.10000038
1704702002042856,24.10000038
1704702002062633,24.00000000
1704702002083197,24.10000038
1704702002102681,24.10000038
1704702002122720,24.10000038
1704702002142801,24.10000038
1704702002162812,24.10000038
1704702002182819,24.10000038
1704702002202848,24.00000000
1704702002222858,24.00000000
1704702002242865,24.00000000
1704702002262945,24.00000000
1704702002282899,24.00000000
1704702002302567,24.00000000
1704702002323198,24.00000000
1704702002342541,24.00000000
1704702002362577,24.00000000
1704702002382571,24.00000000
1704702002402665,24.00000000
1704702002422705,24.00000000
1704702002442700,24.00000000
1704702002462748,24.00000000
1704702002482767,24.00000000
1704702002502780,24.00000000
1704702002522795,24.00000000
1704702002542819,24.00000000
1704702002562819,24.00000000
1704702002582919,24.00000000
1704702002602469,24.00000000
1704702002622494,24.00000000
1704702002642754,24.00000000
1704702002662526,24.00000000
1704702002683170,24.00000000
1704702002702671,24.00000000
1704702002722689,24.00000000
1704702002742674,24.00000000
1704702002762855,24.00000000
1704702002782837,24.00000000
1704702002803493,24.00000000
1704702002822846,24.00000000
1704702002842869,24.00000000
1704702002863496,24.00000000
1704702002882430,24.00000000
1704702002902746,24.00000000
1704702002922525,24.00000000
1704702002942516,24.00000000
1704702002962586,24.00000000
1704702002982624,24.00000000
1704702003002591,24.00000000
1704702003022859,24.00000000
1704702003042683,24.00000000
1704702003062740,24.00000000
1704702003082725,24.00000000
1704702003102761,24.00000000
1704702003122847,24.00000000
1704702003142907,24.00000000
1704702003162900,24.00000000
1704702003182895,24.00000000
1704702003202956,24.00000000
1704702003222924,24.00000000
1704702003242450,24.00000000
1704702003263014,24.00000000
1704702003282555,24.00000000
1704702003303292,24.00000000
1704702003322649,24.00000000
1704702003342753,24.00000000
1704702003362768,24.00000000
1704702003382887,24.00000000
1704702003402821,24.00000000
1704702003422829,24.00000000
1704702003442846,24.00000000
1704702003462865,24.00000000
1704702003482841,24.00000000
1704702003502987,24.00000000
1704702003523002,24.00000000
1704702003542534,24.00000000
1704702003562521,24.00000000
1704702003582616,24.00000000
1704702003602664,24.00000000
1704702003622676,24.00000000
1704702003643296,24.00000000
1704702003662684,24.00000000
1704702003682708,24.00000000
1704702003702716,24.00000000
1704702003722720,24.00000000
1704702003743343,24.00000000
1704702003762891,24.00000000
1704702003782900,24.00000000
1704702003802515,24.00000000
1704702003822745,24.00000000
1704702003842549,24.00000000
1704702003862564,24.00000000
1704702003882629,24.00000000
1704702003902699,24.00000000
1704702003922690,24.00000000
1704702003942758,24.00000000
1704702003962742,24.00000000
1704702003982762,24.00000000
1704702004002891,24.00000000
1704702004022861,24.00000000
1704702004042871,24.00000000
1704702004062882,24.00000000
1704702004082887,24.00000000
1704702004102922,24.00000000
1704702004122953,24.00000000
1704702004142943,24.00000000
1704702004162981,24.00000000
1704702004182983,24.00000000
1704702004203018,24.00000000
1704702004222527,24.00000000
1704702004242622,24.00000000
1704702004262655,24.00000000
1704702004282650,24.00000000
1704702004303293,24.00000000
1704702004322837,24.00000000
1704702004342777,24.00000000
1704702004362834,24.00000000
1704702004382809,24.00000000
1704702004403513,24.00000000
1704702004422856,24.00000000
1704702004442867,24.00000000
1704702004462889,24.00000000
1704702004482701,24.00000000
1704702004503050,24.00000000
1704702004522559,24.00000000
1704702004542571,24.00000000
1704702004562672,24.00000000
1704702004582670,24.00000000
1704702004602728,24.00000000
1704702004623263,24.00000000
1704702004642741,24.00000000
1704702004662752,24.00000000
1704702004682741,24.00000000
1704702004702916,24.00000000
1704702004722818,24.00000000
1704702004742889,24.00000000
1704702004762910,24.00000000
1704702004782919,24.00000000
1704702004803018,24.00000000
1704702004822971,24.00000000
1704702004842561,24.00000000
1704702004863173,24.00000000
1704702004882621,24.00000000
1704702004902634,24.00000000
1704702004922660,24.00000000
1704702004942676,24.00000000
1704702004962682,24.00000000
1704702004983274,24.00000000
1704702005002806,24.00000000
1704702005022887,24.00000000
1704702005042922,24.00000000
1704702005062933,24.00000000
1704702005082952,24.00000000
1704702005103042,24.00000000
1704702005122997,24.00000000
1704702005142994,24.00000000
1704702005163009,24.00000000
1704702005183285,24.00000000
1704702005202560,24.00000000
1704702005222623,24.00000000
1704702005242736,24.00000000
1704702005262811,24.00000000
1704702005282788,24.00000000
1704702005302852,24.00000000
1704702005322907,24.00000000
1704702005342837,24.00000000
1704702005363363,24.00000000
1704702005382863,24.00000000
1704702005402925,24.00000000
1704702005422899,24.00000000
1704702005442918,24.00000000
1704702005462608,24.00000000
1704702005482560,24.00000000
1704702005502658,24.00000000
1704702005522689,24.00000000
1704702005542773,24.00000000
1704702005562702,24.00000000
1704702005582717,24.00000000
1704702005602765,24.00000000
1704702005622752,24.00000000
1704702005642749,24.00000000
1704702005662818,24.00000000
1704702005682783,24.00000000
1704702005702897,24.00000000
1704702005722924,24.00000000
1704702005742932,23.89999962
1704702005763001,23.89999962
1704702005782977,23.89999962
1704702005803055,23.89999962
1704702005822561,23.89999962
1704702005842608,23.89999962
1704702005863206,23.89999962
1704702005882628,23.89999962
1704702005902687,23.89999962
1704702005922781,23.89999962
1704702005942814,23.89999962
1704702005962833,23.89999962
1704702005982836,23.89999962
1704702006002944,23.89999962
1704702006022953,23.89999962
1704702006042944,23.89999962
1704702006062997,23.89999962
1704702006083434,23.89999962
1704702006103007,23.89999962
1704702006123545,23.89999962
1704702006142654,23.89999962
1704702006162665,23.89999962
1704702006182664,23.89999962
1704702006202717,23.89999962
1704702006222786,23.89999962
1704702006242797,23.89999962
1704702006262902,23.89999962
1704702006282835,23.89999962
1704702006302889,23.89999962
1704702006322892,23.89999962
1704702006342981,23.89999962
1704702006363039,23.89999962
1704702006383532,23.89999962
1704702006403122,23.89999962
1704702006422630,23.89999962
1704702006442668,23.89999962
1704702006462668,23.89999962
1704702006482699,23.89999962
1704702006502709,23.89999962
1704702006523351,23.89999962
1704702006542876,23.89999962
1704702006562887,23.89999962
1704702006582974,23.89999962
1704702006603478,23.89999962
1704702006623003,23.89999962
1704702006643542,23.89999962
1704702006663027,23.89999962
1704702006683050,23.89999962
1704702006703083,23.89999962
1704702006722586,23.89999962
1704702006742713,23.89999962
1704702006763367,23.89999962
1704702006782714,23.89999962
1704702006802761,23.89999962
1704702006822762,23.89999962
1704702006842866,23.89999962
1704702006862900,23.89999962
1704702006882874,23.89999962
1704702006902926,23.89999962
1704702006922933,23.89999962
1704702006943074,23.89999962
1704702006963070,23.89999962
1704702006982767,23.89999962
1704702007002681,23.89999962
1704702007022692,23.89999962
1704702007042976,23.89999962
1704702007062738,23.89999962
1704702007082731,23.89999962
1704702007102846,23.89999962
1704702007122788,23.89999962
1704702007142788,23.89999962
1704702007162822,23.89999962
1704702007182891,23.89999962
1704702007202925,23.89999962
1704702007222945,23.89999962
1704702007242967,23.89999962
1704702007262992,23.89999962
1704702007282961,23.89999962
1704702007303040,23.89999962
1704702007323020,23.89999962
1704702007342630,23.89999962
1704702007362852,23.89999962
1704702007382720,23.89999962
1704702007402765,23.89999962
1704702007422805,23.89999962
1704702007442838,23.89999962
1704702007462816,23.89999962
1704702007482818,23.89999962
1704702007503419,23.89999962
1704702007522952,23.89999962
1704702007542971,23.89999962
1704702007563014,23.89999962
1704702007583017,23.89999962
1704702007603108,23.89999962
1704702007623641,23.89999962
1704702007642679,23.89999962
1704702007662700,23.89999962
1704702007682773,23.89999962
1704702007702821,23.89999962
1704702007722826,23.89999962
1704702007742837,23.89999962
1704702007762851,23.89999962
1704702007782845,23.89999962
1704702007802883,23.89999962
1704702007822976,23.89999962
1704702007843100,23.89999962
1704702007863105,23.89999962
1704702007883123,23.89999962
1704702007902739,23.89999962
1704702007922664,23.89999962
1704702007942690,23.89999962
1704702007962715,23.89999962
1704702007982691,23.89999962
1704702008003385,23.89999962
1704702008022831,23.89999962
1704702008042861,23.89999962
1704702008062902,23.89999962
1704702008083276,23.89999962
1704702008102914,23.89999962
1704702008123507,23.89999962
1704702008143080,23.89999962
1704702008163040,23.89999962
1704702008182643,23.89999962
1704702008202858,23.89999962
1704702008222715,23.89999962
1704702008242817,23.89999962
1704702008262851,23.89999962
1704702008282818,23.89999962
1704702008302873,23.89999962
1704702008322882,23.89999962
1704702008342972,23.89999962
1704702008363012,23.89999962
1704702008383130,23.89999962
1704702008402646,23.89999962
1704702008422680,23.89999962
1704702008442748,23.89999962
1704702008462694,23.89999962
1704702008482880,23.89999962
1704702008502847,23.89999962
1704702008522894,23.89999962
1704702008542915,23.89999962
1704702008563007,23.89999962
1704702008582964,23.89999962
1704702008602991,23.89999962
1704702008622974,23.89999962
1704702008643140,23.89999962
1704702008663442,23.89999962
1704702008683004,23.89999962
1704702008703069,23.89999962
1704702008723052,23.89999962
1704702008743092,23.89999962
1704702008762782,23.89999962
1704702008782721,23.89999962
1704702008802739,23.89999962
1704702008822806,23.89999962
1704702008842832,23.89999962
1704702008862860,23.89999962
1704702008882842,23.89999962
1704702008902871,23.89999962
1704702008923429,23.89999962
1704702008942896,23.89999962
1704702008963295,23.89999962
1704702008983004,23.89999962
1704702009003327,23.89999962
1704702009023077,23.89999962
1704702009043112,23.89999962
1704702009063119,23.89999962
1704702009082705,23.89999962
1704702009102724,23.89999962
1704702009122834,23.89999962
1704702009142757,23.89999962
1704702009162771,23.89999962
1704702009182864,23.89999962
1704702009202914,23.89999962
1704702009222898,23.89999962
1704702009242945,23.89999962
1704702009263540,23.89999962
1704702009283032,23.89999962
1704702009303072,23.89999962
1704702009323076,23.89999962
1704702009343102,23.89999962
1704702009363414,23.89999962
1704702009382709,23.89999962
1704702009402757,23.89999962
1704702009422771,23.89999962
1704702009442789,23.89999962
1704702009462874,23.89999962
1704702009482866,23.89999962
1704702009503426,23.89999962
1704702009522928,23.89999962
1704702009542918,23.89999962
1704702009563237,23.89999962
1704702009583040,23.89999962
1704702009603073,23.89999962
1704702009623097,23.89999962
1704702009643097,23.89999962
1704702009663154,23.89999962
1704702009682702,23.89999962
1704702009702884,23.89999962
1704702009722752,23.89999962
1704702009742764,23.89999962
1704702009762789,23.89999962
1704702009782788,23.89999962
1704702009802972,23.89999962
1704702009822904,23.89999962
1704702009842933,23.89999962
1704702009863064,23.89999962
1704702009883052,23.89999962
1704702009903093,23.89999962
1704702009923088,23.89999962
1704702009943101,23.89999962
1704702009963125,23.89999962
1704702009983126,23.89999962
1704702010002747,23.89999962
1704702010022761,23.89999962
1704702010042757,23.89999962
1704702010062795,23.89999962
1704702010083510,23.89999962
1704702010103554,23.89999962
1704702010122895,23.89999962
1704702010142933,23.89999962
1704702010162941,23.89999962
1704702010183446,23.89999962
1704702010202967,23.89999962
1704702010222973,23.89999962
1704702010242977,23.89999962
1704702010263014,23.89999962
1704702010282998,23.89999962
1704702010303032,23.89999962
1704702010323153,23.89999962
1704702010343187,23.89999962
1704702010363229,23.89999962
1704702010382817,23.89999962
1704702010402784,23.89999962
1704702010422812,23.89999962
1704702010442842,23.89999962
1704702010462881,23.89999962
1704702010482872,23.89999962
1704702010502896,23.89999962
1704702010522989,23.89999962
1704702010543043,23.89999962
1704702010563048,23.89999962
1704702010583132,23.89999962
1704702010603185,23.89999962
1704702010623158,23.89999962
1704702010642696,23.89999962
1704702010663227,23.89999962
1704702010682802,23.89999962
1704702010702827,23.89999962
1704702010722864,23.89999962
1704702010743503,23.89999962
1704702010762958,23.89999962
1704702010782933,23.89999962
1704702010802969,23.89999962
1704702010822979,23.89999962
1704702010843043,23.89999962
1704702010863049,23.89999962
1704702010883032,23.89999962
1704702010903133,23.89999962
1704702010923356,23.89999962
1704702010943232,23.89999962
1704702010963726,23.89999962
1704702010982774,23.89999962
1704702011002811,23.89999962
1704702011022829,23.89999962
1704702011042824,23.89999962
1704702011062848,23.89999962
1704702011083445,23.89999962
1704702011102927,23.89999962
1704702011123009,23.89999962
1704702011143178,23.89999962
1704702011163520,23.89999962
1704702011183112,23.89999962
1704702011203147,23.89999962
1704702011223167,23.89999962
1704702011243181,23.89999962
1704702011263218,23.89999962
1704702011283324,23.89999962
1704702011303728,23.89999962
1704702011323237,23.89999962
1704702011342830,23.89999962
1704702011362861,23.89999962
1704702011382887,23.89999962
1704702011402908,23.89999962
1704702011422948,23.89999962
1704702011443041,23.89999962
1704702011463038,23.89999962
1704702011483029,23.89999962
1704702011503074,23.89999962
1704702011523645,23.89999962
1704702011543114,23.89999962
1704702011563111,23.89999962
1704702011583241,23.89999962
1704702011602819,23.89999962
1704702011622824,23.89999962
1704702011642860,23.89999962
1704702011662907,23.89999962
1704702011682894,23.89999962
1704702011702929,23.89999962
1704702011722916,23.89999962
1704702011743539,23.89999962
1704702011763058,23.89999962
1704702011783148,23.89999962
1704702011803183,23.89999962
1704702011823196,23.89999962
1704702011844199,23.89999962
1704702011863411,23.89999962
1704702011882855,23.89999962
1704702011902905,23.89999962
1704702011922876,23.89999962
1704702011942962,23.89999962
1704702011962976,23.89999962
1704702011983499,23.89999962
1704702012003027,23.89999962
1704702012023059,23.89999962
1704702012043077,23.89999962
1704702012063050,23.89999962
1704702012083145,23.79999924
1704702012103221,23.79999924
1704702012123220,23.79999924
1704702012142834,23.79999924
1704702012162823,23.79999924
1704702012182858,23.79999924
1704702012203048,23.79999924
1704702012222907,23.79999924
1704702012243035,23.79999924
1704702012263131,23.79999924
1704702012283120,23.79999924
1704702012303190,23.79999924
1704702012323158,23.79999924
1704702012343177,23.79999924
1704702012363613,23.79999924
1704702012383195,23.79999924
1704702012403465,23.79999924
1704702012423282,23.79999924
1704702012443096,23.79999924
1704702012463817,23.89999962
1704702012482861,23.89999962
1704702012502956,23.89999962
1704702012523003,23.79999924
1704702012543024,23.89999962
1704702012563017,23.89999962
1704702012583026,23.89999962
1704702012603106,23.89999962
1704702012623072,23.89999962
1704702012643101,23.89999962
1704702012663145,23.79999924
1704702012683202,23.89999962
1704702012703310,23.89999962
1704702012722789,23.89999962
1704702012742850,23.89999962
1704702012762860,23.89999962
1704702012782871,23.79999924
1704702012802895,23.79999924
1704702012822870,23.89999962
1704702012842888,23.89999962
1704702012862999,23.79999924
1704702012883048,23.79999924
1704702012903045,23.79999924
1704702012923058,23.79999924
1704702012943145,23.79999924
1704702012963159,23.79999924
1704702012983154,23.79999924
1704702013003402,23.79999924
1704702013023194,23.79999924
1704702013043259,23.79999924
1704702013063240,23.79999924
1704702013083313,23.79999924
1704702013102882,23.79999924
1704702013122868,23.79999924
1704702013143608,23.79999924
1704702013163016,23.79999924
1704702013183040,23.79999924
1704702013203147,23.79999924
1704702013223054,23.79999924
1704702013243066,23.79999924
1704702013263155,23.79999924
1704702013283292,23.79999924
1704702013303210,23.79999924
1704702013323231,23.79999924
1704702013343451,23.79999924
1704702013363038,23.79999924
1704702013383537,23.79999924
1704702013402896,23.79999924
1704702013422906,23.79999924
1704702013442943,23.79999924
1704702013463035,23.79999924
1704702013483038,23.79999924
1704702013503069,23.79999924
1704702013523126,23.79999924
1704702013543161,23.79999924
1704702013563165,23.79999924
1704702013583174,23.79999924
1704702013603189,23.79999924
1704702013623216,23.79999924
1704702013643600,23.79999924
1704702013663246,23.79999924
1704702013683307,23.79999924
1704702013703283,23.79999924
1704702013722836,23.79999924
1704702013742884,23.79999924
1704702013762914,23.79999924
1704702013782917,23.79999924
1704702013803017,23.79999924
1704702013823056,23.79999924
1704702013843059,23.79999924
1704702013863075,23.79999924
1704702013883088,23.79999924
1704702013903121,23.79999924
1704702013923240,23.79999924
1704702013943232,23.79999924
1704702013963244,23.79999924
1704702013983259,23.79999924
1704702014003251,23.79999924
1704702014022849,23.79999924
1704702014042871,23.79999924
1704702014062940,23.79999924
1704702014083548,23.79999924
1704702014103080,23.79999924
1704702014123053,23.79999924
1704702014143062,23.79999924
1704702014163063,23.79999924
1704702014183096,23.79999924
1704702014203209,23.79999924
1704702014223212,23.79999924
1704702014243353,23.79999924
1704702014263505,23.79999924
1704702014282825,23.79999924
1704702014303040,23.79999924
1704702014322886,23.79999924
1704702014342971,23.79999924
1704702014363005,23.79999924
1704702014382984,23.79999924
1704702014403043,23.79999924
1704702014424019,23.79999924
1704702014443070,23.79999924
1704702014463082,23.79999924
1704702014483083,23.79999924
1704702014503170,23.79999924
1704702014523171,23.79999924
1704702014543505,23.79999924
1704702014563307,23.79999924
1704702014583240,23.79999924
1704702014602838,23.79999924
1704702014622852,23.79999924
1704702014642849,23.79999924
1704702014662889,23.79999924
1704702014682898,23.79999924
1704702014702935,23.79999924
1704702014722947,23.79999924
1704702014743074,23.79999924
1704702014763069,23.79999924
1704702014783084,23.79999924
1704702014803162,23.79999924
1704702014823150,23.79999924
1704702014843947,23.79999924
1704702014863196,23.79999924
1704702014883204,23.79999924
1704702014903261,23.79999924
1704702014923255,23.79999924
1704702014943385,23.79999924
1704702014962914,23.79999924
1704702014982893,23.79999924
1704702015002926,23.79999924
1704702015023005,23.79999924
1704702015043044,23.79999924
1704702015063035,23.60000038
1704702015083231,23.50000000
1704702015103099,23.50000000
1704702015123185,23.50000000
1704702015143204,23.50000000
1704702015163215,23.50000000
1704702015183240,23.50000000
1704702015203628,23.50000000
1704702015223320,23.50000000
1704702015242857,23.60000038
1704702015262877,23.60000038
1704702015282894,23.60000038
1704702015302931,23.50000000
1704702015322924,23.50000000
1704702015343033,23.50000000
1704702015363078,23.50000000
1704702015383065,23.50000000
1704702015403104,23.50000000
1704702015423101,23.50000000
1704702015443176,23.50000000
1704702015463212,23.50000000
1704702015483199,23.50000000
1704702015503734,23.50000000
1704702015523236,23.50000000
1704702015543276,23.50000000
1704702015563285,23.50000000
1704702015582867,23.50000000
1704702015603020,23.50000000
1704702015622902,23.50000000
1704702015642926,23.50000000
1704702015663009,23.50000000
1704702015683000,23.50000000
1704702015703075,23.50000000
1704702015723109,23.39999962
1704702015743107,23.39999962
1704702015763291,23.39999962
1704702015783195,23.39999962
1704702015803286,23.39999962
1704702015823223,23.39999962
1704702015843719,23.29999924
1704702015863384,23.29999924
1704702015882865,23.29999924
1704702015903386,23.29999924
1704702015922930,23.29999924
1704702015943526,23.29999924
1704702015963060,23.20000076
1704702015983418,23.20000076
1704702016003157,23.20000076
1704702016023148,23.20000076
1704702016043318,23.20000076
1704702016063208,23.20000076
1704702016083219,23.20000076
1704702016103345,23.20000076
1704702016123409,23.20000076
1704702016143379,23.20000076
1704702016163396,23.20000076
1704702016183413,23.20000076
1704702016202968,23.20000076
1704702016223007,23.29999924
1704702016243178,23.29999924
1704702016263023,23.29999924
1704702016283623,23.29999924
1704702016303070,23.29999924
1704702016323132,23.29999924
1704702016343078,23.29999924
1704702016363411,23.29999924
1704702016383202,23.29999924
1704702016404023,23.29999924
1704702016423234,23.29999924
1704702016443331,23.29999924
1704702016463347,23.29999924
1704702016483628,23.29999924
1704702016503372,23.39999962
1704702016522863,23.39999962
1704702016542887,23.39999962
1704702016562987,23.39999962
1704702016583006,23.39999962
1704702016603061,23.39999962
1704702016623048,23.39999962
1704702016643230,23.39999962
1704702016663070,23.39999962
1704702016683264,23.39999962
1704702016703178,23.39999962
1704702016723275,23.39999962
1704702016743206,23.39999962
1704702016763218,23.39999962
1704702016783228,23.39999962
1704702016803370,23.39999962
1704702016823244,23.39999962
1704702016843286,23.39999962
1704702016863384,23.39999962
1704702016882884,23.39999962
1704702016903469,23.39999962
1704702016922992,23.39999962
1704702016943073,23.39999962
1704702016963053,23.39999962
1704702016983281,23.39999962
1704702017003089,23.29999924
1704702017023622,23.20000076
1704702017043250,23.20000076
1704702017063207,23.20000076
1704702017083257,23.20000076
1704702017103330,23.20000076
1704702017123216,23.20000076
1704702017143290,23.20000076
1704702017163540,23.20000076
1704702017183352,23.20000076
1704702017203377,23.20000076
1704702017223398,23.20000076
1704702017242908,23.20000076
1704702017263582,23.20000076
1704702017282933,23.29999924
1704702017303048,23.29999924
1704702017323048,23.29999924
1704702017343265,23.29999924
1704702017363190,23.29999924
1704702017383721,23.29999924
1704702017403251,23.29999924
1704702017423335,23.29999924
1704702017443439,23.29999924
1704702017463777,23.29999924
1704702017483715,23.29999924
1704702017502944,23.29999924
1704702017522894,23.29999924
1704702017543036,23.39999962
1704702017563007,23.39999962
1704702017583059,23.39999962
1704702017603368,23.39999962
1704702017623131,23.39999962
1704702017643191,23.39999962
1704702017663714,23.39999962
1704702017683290,23.39999962
1704702017703226,23.39999962
1704702017723400,23.39999962
1704702017743381,23.39999962
1704702017763370,23.39999962
1704702017783392,23.39999962
1704702017802987,23.29999924
1704702017822991,23.29999924
1704702017843052,23.29999924
1704702017863047,23.29999924
1704702017883109,23.29999924
1704702017903148,23.29999924
1704702017923267,23.29999924
1704702017943204,23.29999924
1704702017963304,23.20000076
1704702017983282,23.20000076
1704702018003605,23.20000076
1704702018023361,23.10000038
1704702018043458,23.10000038
1704702018062962,23.10000038
1704702018082980,23.10000038
1704702018103548,23.10000038
1704702018123420,23.10000038
1704702018143142,23.10000038
1704702018163131,23.00000000
1704702018183139,23.00000000
1704702018203181,22.89999962
1704702018223165,22.79999924
1704702018243277,22.70000076
1704702018263777,22.70000076
1704702018283306,22.70000076
1704702018303834,22.70000076
1704702018323326,22.70000076
1704702018342947,22.70000076
1704702018362983,22.60000038
1704702018383053,22.50000000
1704702018403098,22.39999962
1704702018423082,22.29999924
1704702018443223,22.29999924
1704702018463107,22.20000076
1704702018483259,22.20000076
1704702018503750,22.20000076
1704702018523524,22.29999924
1704702018543275,22.29999924
1704702018563810,22.20000076
1704702018583298,22.20000076
1704702018603406,22.00000000
1704702018623392,21.89999962
1704702018643434,21.89999962
1704702018663444,21.79999924
1704702018682968,21.79999924
1704702018703494,21.79999924
1704702018723074,21.79999924
1704702018743122,21.79999924
1704702018763186,21.79999924
1704702018783191,21.70000076
1704702018803326,21.60000038
1704702018823245,21.60000038
1704702018843261,21.50000000
1704702018863267,21.50000000
1704702018883281,21.50000000
1704702018903297,21.50000000
1704702018923433,21.50000000
1704702018943399,21.50000000
1704702018963765,21.50000000
1704702018982953,21.50000000
1704702019003036,21.50000000
1704702019023057,21.50000000
1704702019043073,21.50000000
1704702019063353,21.60000038
1704702019083158,21.60000038
1704702019103150,21.70000076
1704702019123225,21.79999924
1704702019143134,21.70000076
1704702019163248,21.70000076
1704702019183258,21.79999924
1704702019203356,21.70000076
1704702019223305,21.70000076
1704702019243412,21.79999924
1704702019263421,21.79999924
1704702019283878,21.70000076
1704702019303436,21.60000038
1704702019322932,21.50000000
1704702019343061,21.39999962
1704702019363052,21.29999924
1704702019383072,21.29999924
1704702019403099,21.29999924
1704702019423092,21.29999924
1704702019443170,21.29999924
1704702019463205,21.29999924
1704702019484073,21.29999924
1704702019503261,21.29999924
1704702019523271,21.20000076
1704702019543282,21.10000038
1704702019563392,21.00000000
1704702019583415,21.00000000
1704702019603442,20.89999962
1704702019622999,20.89999962
1704702019643066,20.89999962
1704702019663085,20.89999962
1704702019683062,21.00000000
1704702019703229,21.00000000
1704702019723229,21.00000000
1704702019743815,21.00000000
1704702019763230,20.89999962
1704702019783202,20.89999962
1704702019803251,20.89999962
1704702019823816,20.89999962
1704702019843389,20.89999962
1704702019863399,20.89999962
1704702019883836,21.00000000
1704702019903487,21.00000000
1704702019923513,21.00000000
1704702019943119,20.89999962
1704702019963241,20.89999962
1704702019983133,20.89999962
1704702020003324,20.89999962
1704702020023260,20.79999924
1704702020043425,20.79999924
1704702020063346,20.79999924
1704702020083309,20.89999962
1704702020103347,20.89999962
1704702020123623,20.89999962
1704702020143460,20.89999962
1704702020163474,20.89999962
1704702020183466,20.79999924
1704702020203511,20.79999924
1704702020222991,20.79999924
1704702020243522,20.79999924
1704702020263178,20.79999924
1704702020283764,20.79999924
1704702020303294,20.79999924
1704702020323248,20.79999924
1704702020343293,20.79999924
1704702020363275,20.79999924
1704702020383282,20.79999924
1704702020403324,20.79999924
1704702020423393,20.79999924
1704702020443460,20.89999962
1704702020463451,20.89999962
1704702020483446,21.00000000
1704702020503489,21.00000000
1704702020523615,21.10000038
1704702020543095,21.10000038
1704702020563219,21.20000076
1704702020583121,21.20000076
1704702020603256,21.20000076
1704702020623130,21.20000076
1704702020643170,21.29999924
1704702020663182,21.29999924
1704702020683235,21.29999924
1704702020703321,21.39999962
1704702020723339,21.39999962
1704702020743348,21.39999962
1704702020763410,21.39999962
1704702020783461,21.50000000
1704702020803495,21.39999962
1704702020823454,21.39999962
1704702020843065,21.39999962
1704702020863086,21.39999962
1704702020883113,21.39999962
1704702020903824,21.39999962
1704702020923330,21.39999962
1704702020943266,21.29999924
1704702020963797,21.29999924
1704702020983341,21.29999924
1704702021003402,21.29999924
1704702021023409,21.29999924
1704702021043480,21.29999924
1704702021063495,21.29999924
1704702021083032,21.29999924
1704702021103083,21.29999924
1704702021123222,21.20000076
1704702021143204,21.20000076
1704702021163285,21.20000076
1704702021183485,21.20000076
1704702021203235,21.10000038
1704702021223314,21.10000038
1704702021243345,21.10000038
1704702021263859,21.10000038
1704702021283374,21.10000038
1704702021303366,21.10000038
1704702021323396,21.10000038
1704702021343419,21.10000038
1704702021363530,21.10000038
1704702021383132,21.10000038
1704702021403216,21.10000038
1704702021423165,21.20000076
1704702021443223,21.20000076
1704702021463213,21.20000076
1704702021483262,21.29999924
1704702021503304,21.29999924
1704702021523317,21.39999962
1704702021543345,21.39999962
1704702021563376,21.39999962
1704702021583444,21.50000000
1704702021603504,21.50000000
1704702021623477,21.50000000
1704702021643473,21.50000000
1704702021663490,21.60000038
1704702021683532,21.60000038
1704702021703093,21.60000038
1704702021723829,21.70000076
1704702021743215,21.70000076
1704702021763278,21.70000076
1704702021783270,21.79999924
1704702021803280,21.79999924
1704702021823263,21.79999924
1704702021843317,21.79999924
1704702021863326,21.79999924
1704702021883341,21.79999924
1704702021903337,21.89999962
1704702021923345,21.89999962
1704702021943446,21.89999962
1704702021963457,21.89999962
1704702021983461,21.89999962
1704702022003515,21.89999962
1704702022023491,21.89999962
1704702022043173,21.89999962
1704702022063096,21.89999962
1704702022083121,21.89999962
1704702022103137,21.89999962
1704702022123781,21.89999962
1704702022143176,21.89999962
1704702022163185,21.89999962
1704702022183308,21.89999962
1704702022203337,21.89999962
1704702022223331,21.89999962
1704702022243876,21.79999924
1704702022263930,21.79999924
1704702022283448,21.79999924
1704702022303456,21.70000076
1704702022323746,21.70000076
1704702022343110,21.70000076
1704702022363676,21.70000076
1704702022383114,21.70000076
1704702022403147,21.70000076
1704702022423162,21.70000076
1704702022443521,21.70000076
1704702022463263,21.60000038
1704702022483860,21.60000038
1704702022503300,21.60000038
1704702022523323,21.60000038
1704702022543352,21.60000038
1704702022563535,21.60000038
1704702022583443,21.70000076
1704702022603697,21.70000076
1704702022623082,21.70000076
1704702022643114,21.70000076
1704702022663119,21.79999924
1704702022683217,21.70000076
1704702022703318,21.70000076
1704702022723250,21.70000076
1704702022743370,21.70000076
1704702022763382,21.79999924
1704702022783389,21.79999924
1704702022803523,21.79999924
1704702022823506,21.89999962
1704702022843549,21.89999962
1704702022863541,21.89999962
1704702022883263,21.89999962
1704702022903168,21.89999962
1704702022923246,21.89999962
1704702022943209,21.89999962
1704702022963274,21.89999962
1704702022983282,21.89999962
1704702023003322,22.00000000
1704702023023318,22.00000000
1704702023043415,22.00000000
1704702023063372,22.00000000
1704702023083437,22.00000000
1704702023103458,22.00000000
1704702023123487,22.00000000
1704702023143500,22.10000038
1704702023163496,22.10000038
1704702023183512,22.10000038
1704702023203377,22.10000038
1704702023223134,22.10000038
1704702023243185,22.20000076
1704702023263325,22.20000076
1704702023283409,22.20000076
1704702023303329,22.29999924
1704702023323397,22.29999924
1704702023343443,22.20000076
1704702023363471,22.10000038
1704702023383442,22.00000000
1704702023403691,21.89999962
1704702023423102,21.89999962
1704702023443479,21.89999962
1704702023463134,21.89999962
1704702023483822,22.00000000
1704702023503325,22.00000000
1704702023523337,21.89999962
1704702023543393,21.89999962
1704702023563378,21.89999962
1704702023583399,21.89999962
1704702023603525,21.89999962
1704702023623509,21.79999924
1704702023643555,21.89999962
1704702023663135,21.89999962
1704702023683137,22.00000000
1704702023703195,22.00000000
1704702023723797,22.00000000
1704702023743216,22.10000038
1704702023763298,22.00000000
1704702023783343,22.00000000
1704702023803330,22.00000000
1704702023823354,22.10000038
1704702023843439,22.10000038
1704702023863430,22.10000038
1704702023883466,22.10000038
1704702023903488,22.20000076
1704702023923484,22.20000076
1704702023943512,22.20000076
1704702023963534,22.20000076
1704702023983597,22.20000076
1704702024003615,22.20000076
1704702024023144,22.20000076
1704702024043164,22.29999924
1704702024066316,22.29999924
1704702024083194,22.29999924
1704702024103854,22.29999924
1704702024123285,22.29999924
1704702024143320,22.29999924
1704702024163323,22.29999924
1704702024183359,22.29999924
1704702024203462,22.20000076
1704702024223458,22.20000076
1704702024243501,22.29999924
1704702024263608,22.29999924
1704702024283613,22.29999924
1704702024303647,22.20000076
1704702024323317,22.20000076
1704702024343171,22.20000076
1704702024363904,22.20000076
1704702024383288,22.20000076
1704702024403330,22.10000038
1704702024423370,22.10000038
1704702024443846,22.10000038
1704702024463410,22.10000038
1704702024483948,22.10000038
1704702024503450,22.10000038
1704702024523461,22.00000000
1704702024543455,21.89999962
1704702024563692,21.89999962
1704702024583609,21.89999962
1704702024603249,21.89999962
1704702024623657,21.89999962
1704702024643251,21.89999962
1704702024663231,21.79999924
1704702024683296,21.79999924
1704702024703345,21.79999924
1704702024723370,21.70000076
1704702024743425,21.60000038
1704702024763496,21.60000038
1704702024783491,21.50000000
1704702024803590,21.50000000
1704702024823519,21.50000000
1704702024843672,21.50000000
1704702024863581,21.50000000
1704702024883625,21.50000000
1704702024903194,21.50000000
1704702024923208,21.39999962
1704702024943228,21.39999962
1704702024963316,21.29999924
1704702024983330,21.29999924
1704702025003353,21.29999924
1704702025023995,21.29999924
1704702025043503,21.20000076
1704702025063445,21.29999924
1704702025083486,21.29999924
1704702025103559,21.20000076
1704702025123489,21.20000076
1704702025143532,21.10000038
1704702025163540,21.10000038
1704702025183607,21.10000038
1704702025203139,21.10000038
1704702025223679,21.10000038
1704702025243157,21.10000038
1704702025263783,21.10000038
1704702025283913,21.10000038
1704702025303187,21.10000038
1704702025323199,21.10000038
1704702025343343,21.20000076
1704702025363328,21.20000076
1704702025383361,21.29999924
1704702025403469,21.29999924
1704702025423439,21.39999962
1704702025443516,21.29999924
1704702025463490,21.29999924
1704702025483504,21.39999962
1704702025503500,21.39999962
1704702025523523,21.39999962
1704702025543525,21.39999962
1704702025563697,21.39999962
1704702025583679,21.39999962
1704702025603278,21.29999924
1704702025623287,21.20000076
1704702025643825,21.10000038
1704702025663319,21.10000038
1704702025683440,21.00000000
1704702025703450,20.89999962
1704702025723534,20.89999962
1704702025743597,20.79999924
1704702025763621,20.79999924
1704702025783602,20.79999924
1704702025803660,20.79999924
1704702025823229,20.79999924
1704702025843331,20.79999924
1704702025863355,20.70000076
1704702025883379,20.70000076
1704702025903389,20.70000076
1704702025923388,20.60000038
1704702025943607,20.70000076
1704702025963699,20.70000076
1704702025983638,20.70000076
1704702026003688,20.70000076
1704702026023658,20.79999924
1704702026043174,20.79999924
1704702026064239,20.79999924
1704702026083792,20.70000076
1704702026103316,20.70000076
1704702026123320,20.70000076
1704702026143352,20.70000076
1704702026163473,20.70000076
1704702026183423,20.79999924
1704702026203961,20.79999924
1704702026223472,20.79999924
1704702026243516,20.79999924
1704702026263605,20.79999924
1704702026283647,20.79999924
1704702026303683,20.70000076
1704702026323240,20.70000076
1704702026343851,20.70000076
1704702026363308,20.70000076
1704702026383271,20.70000076
1704702026403304,20.70000076
1704702026423317,20.70000076
1704702026443922,20.79999924
1704702026463423,20.70000076
1704702026483457,20.70000076
1704702026503535,20.70000076
1704702026523579,20.70000076
1704702026543594,20.70000076
1704702026563616,20.60000038
1704702026583204,20.70000076
1704702026603265,20.70000076
1704702026623333,20.70000076
1704702026643376,20.70000076
1704702026663366,20.70000076
1704702026683378,20.70000076
1704702026703656,20.70000076
1704702026723484,20.70000076
1704702026744027,20.79999924
1704702026763556,20.79999924
1704702026783626,20.79999924
1704702026803674,20.89999962
1704702026825196,20.89999962
1704702026843700,21.00000000
1704702026863694,21.00000000
1704702026884006,21.10000038
1704702026903332,21.10000038
1704702026923329,21.10000038
1704702026943410,21.10000038
1704702026963523,21.10000038
1704702026983455,21.20000076
1704702027003460,21.20000076
1704702027023986,21.20000076
1704702027043520,21.20000076
1704702027063619,21.20000076
1704702027083638,21.29999924
1704702027104135,21.29999924
1704702027123646,21.29999924
1704702027143681,21.29999924
1704702027163249,21.20000076
1704702027183265,21.20000076
1704702027203293,21.20000076
1704702027223285,21.20000076
1704702027243420,21.20000076
1704702027264048,21.20000076
1704702027283458,21.10000038
1704702027303517,21.10000038
1704702027323601,21.10000038
1704702027343589,21.10000038
1704702027363594,21.10000038
1704702027384065,21.00000000
1704702027403212,21.00000000
1704702027423201,21.00000000
1704702027443246,21.00000000
1704702027463465,21.00000000
1704702027483344,21.00000000
1704702027504007,21.00000000
1704702027523441,20.89999962
1704702027543506,20.89999962
1704702027563521,20.89999962
1704702027583597,20.89999962
1704702027603615,20.89999962
1704702027623658,20.89999962
1704702027643694,20.89999962
1704702027663681,21.00000000
1704702027683696,21.00000000
1704702027704030,21.00000000
1704702027723412,21.10000038
1704702027743990,21.10000038
1704702027763328,21.10000038
1704702027783410,21.10000038
1704702027803453,21.20000076
1704702027823455,21.20000076
1704702027844187,21.20000076
1704702027863488,21.29999924
1704702027884010,21.29999924
1704702027903633,21.29999924
1704702027923666,21.39999962
1704702027943257,21.39999962
1704702027963361,21.39999962
1704702027983292,21.50000000
1704702028003911,21.50000000
1704702028023277,21.50000000
1704702028043501,21.50000000
1704702028063444,21.60000038
1704702028083449,21.60000038
1704702028103547,21.60000038
1704702028123619,21.60000038
1704702028143620,21.70000076
1704702028163777,21.70000076
1704702028183682,21.70000076
1704702028203715,21.70000076
1704702028223743,21.70000076
1704702028243341,21.70000076
1704702028263333,21.70000076
1704702028283348,21.79999924
1704702028303358,21.79999924
1704702028323345,21.79999924
1704702028343403,21.79999924
1704702028363466,21.70000076
1704702028383467,21.70000076
1704702028403539,21.70000076
1704702028423612,21.70000076
1704702028443696,21.70000076
1704702028463653,21.70000076
1704702028483684,21.70000076
1704702028503701,21.70000076
1704702028523303,21.70000076
1704702028543360,21.70000076
1704702028563331,21.60000038
1704702028583414,21.60000038
1704702028603449,21.60000038
1704702028623447,21.50000000
1704702028643632,21.50000000
1704702028663614,21.60000038
1704702028683618,21.60000038
1704702028703700,21.60000038
1704702028723769,21.50000000
1704702028743749,21.50000000
1704702028763763,21.50000000
1704702028783747,21.50000000
1704702028803291,21.39999962
1704702028823374,21.39999962
1704702028843421,21.39999962
1704702028863394,21.50000000
1704702028883436,21.50000000
1704702028903435,21.50000000
1704702028923518,21.50000000
1704702028943578,21.50000000
1704702028963579,21.50000000
1704702028983605,21.50000000
1704702029003694,21.50000000
1704702029023711,21.50000000
1704702029043780,21.50000000
1704702029063420,21.60000038
1704702029083366,21.60000038
1704702029103386,21.70000076
1704702029123630,21.70000076
1704702029143513,21.70000076
1704702029163618,21.70000076
1704702029183640,21.70000076
1704702029203653,21.70000076
1704702029223682,21.70000076
1704702029243947,21.79999924
1704702029263777,21.79999924
1704702029283803,21.79999924
1704702029303793,21.79999924
1704702029323356,21.89999962
1704702029343428,21.89999962
1704702029363494,21.89999962
1704702029383450,21.89999962
1704702029403583,21.89999962
1704702029423612,21.89999962
1704702029443734,21.89999962
1704702029463676,21.89999962
1704702029483677,21.89999962
1704702029503733,22.00000000
1704702029523705,22.00000000
1704702029543756,22.00000000
1704702029563755,22.10000038
1704702029583312,22.10000038
1704702029603351,22.10000038
1704702029624009,22.10000038
1704702029643424,22.10000038
1704702029663408,22.00000000
1704702029683425,21.89999962
1704702029703512,21.89999962
1704702029723522,21.89999962
1704702029744123,21.89999962
1704702029763651,21.89999962
1704702029783658,21.89999962
1704702029803685,21.89999962
1704702029823679,21.89999962
1704702029843936,21.79999924
1704702029863311,21.79999924
1704702029883343,21.79999924
1704702029903382,21.79999924
1704702029923434,21.79999924
1704702029944092,21.89999962
1704702029963460,21.89999962
1704702029983539,21.89999962
1704702030003628,22.00000000
1704702030023715,22.00000000
1704702030043651,22.00000000
1704702030063671,22.00000000
1704702030083728,22.00000000
1704702030103773,22.00000000
1704702030123377,22.00000000
1704702030143393,22.00000000
1704702030163389,22.00000000
1704702030184089,22.00000000
1704702030203440,22.00000000
1704702030223427,22.10000038
1704702030243672,22.10000038
1704702030263747,22.10000038
1704702030283642,22.10000038
1704702030303604,22.10000038
1704702030323611,22.10000038
1704702030343680,22.10000038
1704702030363714,22.10000038
1704702030383864,22.10000038
1704702030403788,22.10000038
1704702030423918,22.10000038
1704702030443373,22.10000038
1704702030463403,22.10000038
1704702030483478,22.10000038
1704702030503489,22.10000038
1704702030523516,22.10000038
1704702030544080,22.10000038
1704702030563560,22.10000038
1704702030583676,22.10000038
1704702030603797,22.10000038
1704702030623763,22.00000000
1704702030643816,22.00000000
1704702030663321,22.00000000
1704702030683335,22.00000000
1704702030703849,22.00000000
1704702030723421,22.00000000
1704702030743475,22.00000000
1704702030764184,22.00000000
1704702030783597,22.00000000
1704702030803673,21.89999962
1704702030823613,21.89999962
1704702030843847,21.89999962
1704702030863742,21.79999924
1704702030883739,21.79999924
1704702030903774,21.79999924
1704702030923774,21.79999924
1704702030943407,21.79999924
1704702030963425,21.70000076
1704702030984082,21.70000076
1704702031003419,21.70000076
1704702031023417,21.60000038
1704702031043600,21.60000038
1704702031063554,21.60000038
1704702031083590,21.60000038
1704702031103709,21.60000038
1704702031123711,21.60000038
1704702031143765,21.60000038
1704702031164144,21.50000000
1704702031183359,21.50000000
1704702031203871,21.50000000
1704702031223414,21.39999962
1704702031243515,21.39999962
1704702031263482,21.39999962
1704702031283499,21.39999962
1704702031303553,21.39999962
1704702031323523,21.39999962
1704702031343687,21.29999924
1704702031363671,21.29999924
1704702031383764,21.29999924
1704702031403823,21.29999924
1704702031423764,21.20000076
1704702031443819,21.20000076
1704702031463872,21.20000076
1704702031483519,21.10000038
1704702031503521,21.10000038
1704702031523512,21.10000038
1704702031543598,21.10000038
1704702031563576,21.10000038
1704702031583618,21.10000038
1704702031603704,21.20000076
1704702031624002,21.20000076
1704702031643751,21.20000076
1704702031664340,21.29999924
1704702031683331,21.29999924
1704702031703366,21.39999962
1704702031723378,21.39999962
1704702031743991,21.39999962
1704702031763402,21.29999924
1704702031783627,21.39999962
1704702031804217,21.39999962
1704702031823548,21.39999962
1704702031843693,21.39999962
1704702031864163,21.39999962
1704702031883689,21.29999924
1704702031903690,21.20000076
1704702031923700,21.10000038
1704702031943883,21.10000038
1704702031963840,21.00000000
1704702031983441,20.89999962
1704702032003504,20.89999962
1704702032023609,20.89999962
1704702032044225,20.89999962
1704702032063590,21.00000000
1704702032083595,21.00000000
1704702032103633,21.00000000
1704702032123626,21.00000000
1704702032143713,20.89999962
1704702032163742,20.89999962
1704702032183753,20.89999962
1704702032203781,20.89999962
1704702032223861,20.89999962
1704702032243497,20.89999962
1704702032263409,20.89999962
1704702032283484,21.00000000
1704702032303586,21.00000000
1704702032323544,21.00000000
1704702032343588,21.00000000
1704702032363706,21.00000000
1704702032383707,20.89999962
1704702032404031,20.89999962
1704702032423797,20.89999962
1704702032443837,20.89999962
1704702032463844,21.00000000
1704702032483365,21.00000000
1704702032503452,21.00000000
1704702032523458,21.00000000
1704702032543605,21.10000038
1704702032563703,21.10000038
1704702032583611,21.10000038
1704702032603664,21.10000038
1704702032623685,21.10000038
1704702032643694,21.10000038
1704702032663736,21.20000076
1704702032683750,21.20000076
1704702032703825,21.20000076
1704702032723800,21.29999924
1704702032743825,21.29999924
1704702032763777,21.29999924
1704702032783420,21.29999924
1704702032803429,21.29999924
1704702032823428,21.29999924
1704702032843498,21.29999924
1704702032863598,21.29999924
1704702032884194,21.39999962
1704702032903690,21.39999962
1704702032923687,21.39999962
1704702032944069,21.39999962
1704702032964335,21.50000000
1704702032983904,21.50000000
1704702033003860,21.50000000
1704702033023861,21.50000000
1704702033043497,21.60000038
1704702033064137,21.60000038
1704702033083508,21.60000038
1704702033103555,21.60000038
1704702033123627,21.70000076
1704702033144179,21.70000076
1704702033163653,21.70000076
1704702033183666,21.79999924
1704702033203789,21.79999924
1704702033224310,21.79999924
1704702033243854,21.79999924
1704702033263841,21.79999924
1704702033283425,21.89999962
1704702033304004,21.89999962
1704702033323526,21.89999962
1704702033343521,21.89999962
1704702033363550,22.00000000
1704702033383622,22.00000000
1704702033403587,22.00000000
1704702033423637,22.00000000
1704702033443699,22.00000000
1704702033463750,22.10000038
1704702033483915,22.10000038
1704702033503838,22.10000038
1704702033523775,22.10000038
1704702033543868,22.10000038
1704702033563894,22.20000076
1704702033583405,22.20000076
1704702033603905,22.20000076
1704702033623510,22.20000076
1704702033643601,22.20000076
1704702033663554,22.20000076
1704702033683670,22.20000076
1704702033703683,22.20000076
1704702033723702,22.29999924
1704702033743733,22.29999924
1704702033763830,22.29999924
1704702033784253,22.29999924
1704702033803883,22.29999924
1704702033823451,22.29999924
1704702033843516,22.29999924
1704702033863661,22.29999924
1704702033883599,22.29999924
1704702033903664,22.29999924
1704702033923668,22.39999962
1704702033943758,22.39999962
1704702033963754,22.39999962
1704702033983778,22.39999962
1704702034003803,22.39999962
1704702034023383,22.39999962
1704702034043433,22.39999962
1704702034063489,22.39999962
1704702034083525,22.39999962
1704702034103585,22.39999962
1704702034123594,22.39999962
1704702034143702,22.50000000
1704702034163705,22.50000000
1704702034183726,22.50000000
1704702034203816,22.50000000
1704702034224077,22.50000000
1704702034243848,22.50000000
1704702034263852,22.50000000
1704702034283913,22.50000000
1704702034303538,22.50000000
1704702034324126,22.50000000
1704702034343639,22.50000000
1704702034363619,22.50000000
1704702034383619,22.50000000
1704702034403666,22.50000000
1704702034423663,22.50000000
1704702034443765,22.50000000
1704702034463782,22.60000038
1704702034483779,22.60000038
1704702034503839,22.60000038
1704702034523905,22.50000000
1704702034543939,22.60000038
1704702034563427,22.60000038
1704702034583476,22.60000038
1704702034603531,22.60000038
1704702034623553,22.60000038
1704702034643627,22.60000038
1704702034663676,22.60000038
1704702034683705,22.60000038
1704702034703814,22.60000038
1704702034723962,22.60000038
1704702034743777,22.60000038
1704702034763862,22.60000038
1704702034783898,22.60000038
1704702034803498,22.60000038
1704702034823517,22.60000038
1704702034843557,22.60000038
1704702034863748,22.60000038
1704702034884187,22.60000038
1704702034903654,22.60000038
1704702034923661,22.60000038
1704702034944087,22.60000038
1704702034963757,22.70000076
1704702034983760,22.70000076
1704702035004088,22.70000076
1704702035023797,22.70000076
1704702035043860,22.70000076
1704702035063850,22.70000076
1704702035083426,22.70000076
1704702035103480,22.60000038
1704702035123659,22.70000076
1704702035143902,22.70000076
1704702035163637,22.70000076
1704702035183703,22.70000076
1704702035203737,22.70000076
1704702035223738,22.70000076
1704702035244156,22.70000076
1704702035263892,22.70000076
1704702035283891,22.70000076
1704702035304405,22.70000076
1704702035323916,22.70000076
1704702035343946,22.70000076
1704702035363580,22.70000076
1704702035383542,22.70000076
1704702035403640,22.70000076
1704702035423701,22.70000076
1704702035444263,22.70000076
1704702035463712,22.70000076
1704702035483709,22.70000076
1704702035503856,22.70000076
1704702035523823,22.70000076
1704702035544311,22.70000076
1704702035563876,22.70000076
1704702035583918,22.70000076
1704702035603971,22.70000076
1704702035623469,22.70000076
1704702035643784,22.70000076
1704702035663602,22.70000076
1704702035683632,22.70000076
1704702035703660,22.70000076
1704702035723637,22.70000076
1704702035743792,22.70000076
1704702035763693,22.70000076
1704702035783766,22.70000076
1704702035804274,22.70000076
1704702035824177,22.70000076
1704702035844260,22.70000076
1704702035863916,22.70000076
1704702035883957,22.70000076
1704702035904124,22.70000076
1704702035923543,22.70000076
1704702035943624,22.70000076
1704702035963616,22.70000076
1704702035983630,22.70000076
1704702036003742,22.70000076
1704702036023754,22.70000076
1704702036043778,22.70000076
1704702036063863,22.70000076
1704702036083972,22.70000076
1704702036103905,22.70000076
1704702036123494,22.70000076
1704702036144540,22.70000076
1704702036163626,22.70000076
1704702036183640,22.70000076
1704702036203687,22.79999924
1704702036223673,22.79999924
1704702036243705,22.79999924
1704702036263790,22.79999924
1704702036283680,22.79999924
1704702036303767,22.79999924
1704702036323809,22.79999924
1704702036344185,22.79999924
1704702036363827,22.79999924
1704702036383930,22.79999924
1704702036403874,22.79999924
1704702036423858,22.79999924
1704702036443948,22.79999924
1704702036463961,22.79999924
1704702036483985,22.79999924
1704702036504013,22.79999924
1704702036523609,22.79999924
1704702036543659,22.79999924
1704702036564531,22.79999924
1704702036583709,22.79999924
1704702036604274,22.79999924
1704702036623772,22.79999924
1704702036643817,22.79999924
1704702036663826,22.79999924
1704702036683864,22.79999924
1704702036703840,22.79999924
1704702036724407,22.79999924
1704702036743965,22.79999924
1704702036763961,22.79999924
1704702036783581,22.79999924
1704702036803616,22.79999924
1704702036823664,22.79999924
1704702036843773,22.79999924
1704702036863830,22.79999924
1704702036883755,22.79999924
1704702036903843,22.79999924
1704702036923854,22.79999924
1704702036943910,22.79999924
1704702036963891,22.79999924
1704702036983491,22.79999924
1704702037004004,22.79999924
1704702037023602,22.79999924
1704702037043649,22.79999924
1704702037063665,22.79999924
1704702037083724,22.79999924
1704702037103701,22.79999924
1704702037123770,22.79999924
1704702037143707,22.79999924
1704702037163798,22.79999924
1704702037184326,22.79999924
1704702037203836,22.79999924
1704702037223931,22.79999924
1704702037244012,22.79999924
1704702037263680,22.79999924
1704702037283621,22.79999924
1704702037304629,22.79999924
1704702037323644,22.79999924
1704702037343826,22.79999924
1704702037363745,22.79999924
1704702037383756,22.79999924
1704702037403883,22.79999924
1704702037423780,22.79999924
1704702037443841,22.79999924
1704702037463914,22.79999924
1704702037483934,22.79999924
1704702037503993,22.79999924
1704702037524046,22.79999924
1704702037544154,22.79999924
1704702037564054,22.79999924
1704702037583624,22.79999924
1704702037603695,22.79999924
1704702037623693,22.79999924
1704702037643799,22.79999924
1704702037663812,22.79999924
1704702037684342,22.79999924
1704702037703854,22.79999924
1704702037723848,22.79999924
1704702037743911,22.79999924
1704702037763949,22.79999924
1704702037783966,22.79999924
1704702037804034,22.79999924
1704702037823598,22.79999924
1704702037843643,22.79999924
1704702037863671,22.79999924
1704702037883677,22.79999924
1704702037903676,22.79999924
1704702037924283,22.79999924
1704702037943810,22.79999924
1704702037963812,22.79999924
1704702037983887,22.79999924
1704702038003938,22.79999924
1704702038023927,22.79999924
1704702038043988,22.79999924
1704702038063973,22.79999924
1704702038083644,22.79999924
1704702038104932,22.79999924
1704702038123680,22.79999924
1704702038143724,22.79999924
1704702038163921,22.79999924
1704702038183747,22.79999924
1704702038203873,22.79999924
1704702038223768,22.79999924
1704702038243914,22.79999924
1704702038263912,22.79999924
1704702038283922,22.79999924
1704702038303945,22.89999962
1704702038324000,22.89999962
1704702038344053,22.79999924
1704702038364049,22.79999924
1704702038383577,22.89999962
1704702038403757,22.89999962
1704702038423690,22.89999962
1704702038443798,22.89999962
1704702038463801,22.79999924
1704702038483878,22.89999962
1704702038503836,22.79999924
1704702038523859,22.79999924
1704702038544026,22.89999962
1704702038563957,22.89999962
1704702038583987,22.89999962
1704702038604014,22.79999924
1704702038624261,22.79999924
1704702038644207,22.89999962
1704702038664187,22.89999962
1704702038683661,22.89999962
1704702038703660,22.89999962
1704702038723745,22.89999962
1704702038743965,22.89999962
1704702038763791,22.89999962
1704702038784310,22.89999962
1704702038803910,22.89999962
1704702038823934,22.89999962
1704702038844023,22.89999962
1704702038864043,22.89999962
1704702038884588,22.89999962
1704702038904104,22.89999962
1704702038923685,22.79999924
1704702038943993,22.89999962
1704702038964217,22.89999962
1704702038983744,22.89999962
1704702039003863,22.89999962
1704702039023854,22.89999962
1704702039043910,22.89999962
1704702039063986,22.89999962
1704702039084007,22.89999962
1704702039103995,22.89999962
1704702039124000,22.89999962
1704702039144046,22.89999962
1704702039164070,22.89999962
1704702039183677,22.89999962
1704702039203724,23.00000000
1704702039224492,23.00000000
1704702039243899,23.00000000
1704702039263819,23.00000000
1704702039283960,23.00000000
1704702039303922,23.00000000
1704702039323923,23.00000000
1704702039343946,23.00000000
1704702039364060,23.00000000
1704702039383600,23.00000000
1704702039404094,23.00000000
1704702039423710,23.00000000
1704702039443732,23.00000000
1704702039463719,23.00000000
1704702039483715,23.00000000
1704702039504344,23.00000000
1704702039523744,23.10000038
1704702039543787,23.10000038
1704702039563992,23.10000038
1704702039583835,23.10000038
1704702039603870,23.10000038
1704702039623889,23.10000038
1704702039644219,23.10000038
1704702039663909,23.10000038
1704702039683918,23.10000038
1704702039704015,23.10000038
1704702039724049,23.10000038
1704702039744225,23.10000038
1704702039763670,23.10000038
1704702039783699,23.10000038
1704702039803718,23.10000038
1704702039823720,23.10000038
1704702039843834,23.10000038
1704702039863834,23.10000038
1704702039883868,23.10000038
1704702039903857,23.10000038
1704702039923877,23.10000038
1704702039944001,23.10000038
1704702039964388,23.10000038
1704702039983921,23.10000038
1704702040004062,23.10000038
1704702040024009,23.20000076
1704702040044080,23.20000076
1704702040064049,23.20000076
1704702040083658,23.20000076
1704702040103671,23.20000076
1704702040123667,23.20000076
1704702040143712,23.20000076
1704702040163944,23.20000076
1704702040183870,23.20000076
1704702040204057,23.20000076
1704702040224336,23.20000076
1704702040243907,23.20000076
1704702040263967,23.20000076
1704702040283984,23.20000076
1704702040303997,23.20000076
1704702040324002,23.20000076
1704702040344492,23.20000076
1704702040364132,23.20000076
1704702040383676,23.20000076
1704702040403775,23.20000076
1704702040424229,23.20000076
1704702040444057,23.20000076
1704702040463809,23.20000076
1704702040483910,23.20000076
